{
  "schema_version": "v1",
  "run": {
    "run_id": "a80b1ad2-64b3-46ac-8964-62fa340163a6",
    "scenario": "evidence_tamper",
    "dataset_hash": "sha256:79270ae6195ca4b3b925a2010c0f2daca9e4e5ff8bff838c053a604ec478d2c2",
    "code_commit": "bd6c6337812fec5942c06fd4718ff769e1347b75",
    "container_digest": "not_available",
    "start_ts": "2025-10-07T10:14:50.874824+00:00",
    "end_ts": "2025-10-07T10:15:08.395224+00:00",
    "software_version": "0.1.0",
    "rng_seed": 42
  },
  "generated_at": "2025-10-07T16:29:08.507015Z",
  "source": "/data/projects/fl-bsa/artifacts/gold/20251007T101329Z"
}