{
  "schema_version": "v1",
  "run": {
    "run_id": "930cfaab-7a11-45bb-ae99-779d1f3e7cc8",
    "scenario": "security",
    "dataset_hash": "sha256:f6758cbe494017c9d369bd5110d5fc771e87448b14b87878eeba6a38f5932a6f",
    "code_commit": "bd6c6337812fec5942c06fd4718ff769e1347b75",
    "container_digest": "not_available",
    "start_ts": "2025-10-07T10:14:30.904151+00:00",
    "end_ts": "2025-10-07T10:14:49.426951+00:00",
    "software_version": "0.1.0",
    "rng_seed": 42
  },
  "generated_at": "2025-10-07T16:29:08.506928Z",
  "source": "/data/projects/fl-bsa/artifacts/gold/20251007T101329Z"
}