run_id,split,model_id,metric,group,value,lower_ci,upper_ci,n
fe36ee5c-6e80-46a6-959f-636e1a4e9061,synthetic,generator_fe36ee5c-6e80-46a6-959f-636e1a4e9061_both.pkl,selection_rate,gender:male,0.5674876847290641,0.5369141300643829,0.5978167857439396,1013
fe36ee5c-6e80-46a6-959f-636e1a4e9061,synthetic,generator_fe36ee5c-6e80-46a6-959f-636e1a4e9061_both.pkl,selection_rate,gender:female,0.5634517766497462,0.5321941875825953,0.5939611938628346,987
fe36ee5c-6e80-46a6-959f-636e1a4e9061,synthetic,generator_fe36ee5c-6e80-46a6-959f-636e1a4e9061_both.pkl,SPD_gender,gender:all,0.0040359080793178626,0.0,0.04748912220171165,2000
fe36ee5c-6e80-46a6-959f-636e1a4e9061,synthetic,generator_fe36ee5c-6e80-46a6-959f-636e1a4e9061_both.pkl,DI_gender,gender:all,0.9928881133671743,0.9194431344447842,1.0721998661299799,2000
fe36ee5c-6e80-46a6-959f-636e1a4e9061,synthetic,generator_fe36ee5c-6e80-46a6-959f-636e1a4e9061_both.pkl,selection_rate,race:white,0.5692567567567568,0.5354711546777259,0.6035473207546339,809
fe36ee5c-6e80-46a6-959f-636e1a4e9061,synthetic,generator_fe36ee5c-6e80-46a6-959f-636e1a4e9061_both.pkl,selection_rate,race:black,0.5891472868217055,0.5351967889929474,0.6417179161573445,324
fe36ee5c-6e80-46a6-959f-636e1a4e9061,synthetic,generator_fe36ee5c-6e80-46a6-959f-636e1a4e9061_both.pkl,selection_rate,race:hispanic,0.5386666666666666,0.4914371261669543,0.5862388829620954,421
fe36ee5c-6e80-46a6-959f-636e1a4e9061,synthetic,generator_fe36ee5c-6e80-46a6-959f-636e1a4e9061_both.pkl,selection_rate,race:asian,0.5785123966942148,0.5154926101759564,0.6363519508297374,253
fe36ee5c-6e80-46a6-959f-636e1a4e9061,synthetic,generator_fe36ee5c-6e80-46a6-959f-636e1a4e9061_both.pkl,selection_rate,race:other,0.532258064516129,0.46332681567387296,0.6027161345968015,193
7d5c6c30-fb8e-4d48-ade4-0756b6500cf0,synthetic,generator_7d5c6c30-fb8e-4d48-ade4-0756b6500cf0_both.pkl,selection_rate,gender:male,0.5575815738963532,0.5274617790519393,0.5874652906991041,1049
7d5c6c30-fb8e-4d48-ade4-0756b6500cf0,synthetic,generator_7d5c6c30-fb8e-4d48-ade4-0756b6500cf0_both.pkl,selection_rate,gender:female,0.38517745302713985,0.35445551117269813,0.4161870749902842,951
7d5c6c30-fb8e-4d48-ade4-0756b6500cf0,synthetic,generator_7d5c6c30-fb8e-4d48-ade4-0756b6500cf0_both.pkl,SPD_gender,gender:all,0.17240412086921336,0.129276143575557,0.21553209816286972,2000
7d5c6c30-fb8e-4d48-ade4-0756b6500cf0,synthetic,generator_7d5c6c30-fb8e-4d48-ade4-0756b6500cf0_both.pkl,DI_gender,gender:all,0.6908001825374865,0.627118837628075,0.7609481067396039,2000
7d5c6c30-fb8e-4d48-ade4-0756b6500cf0,synthetic,generator_7d5c6c30-fb8e-4d48-ade4-0756b6500cf0_both.pkl,selection_rate,race:white,0.47364016736401676,0.44015181368355305,0.5062467148534141,873
7d5c6c30-fb8e-4d48-ade4-0756b6500cf0,synthetic,generator_7d5c6c30-fb8e-4d48-ade4-0756b6500cf0_both.pkl,selection_rate,race:black,0.4846153846153846,0.42905413667342374,0.5392844229083414,312
7d5c6c30-fb8e-4d48-ade4-0756b6500cf0,synthetic,generator_7d5c6c30-fb8e-4d48-ade4-0756b6500cf0_both.pkl,selection_rate,race:hispanic,0.4887640449438202,0.43555455726070247,0.5432872812505368,327
7d5c6c30-fb8e-4d48-ade4-0756b6500cf0,synthetic,generator_7d5c6c30-fb8e-4d48-ade4-0756b6500cf0_both.pkl,selection_rate,race:asian,0.43410852713178294,0.3797706223060089,0.49144918369158197,299
7d5c6c30-fb8e-4d48-ade4-0756b6500cf0,synthetic,generator_7d5c6c30-fb8e-4d48-ade4-0756b6500cf0_both.pkl,selection_rate,race:other,0.4666666666666667,0.3958864745117736,0.5367006851052385,189
6bcc37db-56ab-4ed2-87eb-65aa77d34f98,synthetic,generator_6bcc37db-56ab-4ed2-87eb-65aa77d34f98_both.pkl,selection_rate,gender:male,0.543756145526057,0.512241069263732,0.5741180464831899,992
6bcc37db-56ab-4ed2-87eb-65aa77d34f98,synthetic,generator_6bcc37db-56ab-4ed2-87eb-65aa77d34f98_both.pkl,selection_rate,gender:female,0.5452695829094608,0.5147813130870333,0.5761420092986047,1008
6bcc37db-56ab-4ed2-87eb-65aa77d34f98,synthetic,generator_6bcc37db-56ab-4ed2-87eb-65aa77d34f98_both.pkl,SPD_gender,gender:all,0.001513437383403815,0.0,0.04516774130872162,2000
6bcc37db-56ab-4ed2-87eb-65aa77d34f98,synthetic,generator_6bcc37db-56ab-4ed2-87eb-65aa77d34f98_both.pkl,DI_gender,gender:all,0.9972244236046904,0.9203954274996984,1.0804666356668018,2000
6bcc37db-56ab-4ed2-87eb-65aa77d34f98,synthetic,generator_6bcc37db-56ab-4ed2-87eb-65aa77d34f98_both.pkl,selection_rate,race:white,0.5530227948463825,0.5198129421887709,0.586391051641594,853
6bcc37db-56ab-4ed2-87eb-65aa77d34f98,synthetic,generator_6bcc37db-56ab-4ed2-87eb-65aa77d34f98_both.pkl,selection_rate,race:black,0.5141388174807198,0.4662526510261885,0.5630269535820308,406
6bcc37db-56ab-4ed2-87eb-65aa77d34f98,synthetic,generator_6bcc37db-56ab-4ed2-87eb-65aa77d34f98_both.pkl,selection_rate,race:asian,0.5581395348837209,0.5066874182091207,0.6087474303623456,360
6bcc37db-56ab-4ed2-87eb-65aa77d34f98,synthetic,generator_6bcc37db-56ab-4ed2-87eb-65aa77d34f98_both.pkl,selection_rate,race:other,0.5415282392026578,0.4904845863829625,0.590068035786782,381
930cfaab-7a11-45bb-ae99-779d1f3e7cc8,synthetic,generator_930cfaab-7a11-45bb-ae99-779d1f3e7cc8_both.pkl,selection_rate,gender:male,0.5615906886517944,0.5294076137640408,0.5924614030975884,948
930cfaab-7a11-45bb-ae99-779d1f3e7cc8,synthetic,generator_930cfaab-7a11-45bb-ae99-779d1f3e7cc8_both.pkl,selection_rate,gender:female,0.56656346749226,0.5364054263988132,0.5961902205239829,1052
930cfaab-7a11-45bb-ae99-779d1f3e7cc8,synthetic,generator_930cfaab-7a11-45bb-ae99-779d1f3e7cc8_both.pkl,SPD_gender,gender:all,0.0049727788404656526,0.0,0.048498129858652615,2000
930cfaab-7a11-45bb-ae99-779d1f3e7cc8,synthetic,generator_930cfaab-7a11-45bb-ae99-779d1f3e7cc8_both.pkl,DI_gender,gender:all,0.9912229094783038,0.9175958170002914,1.0707577759961844,2000
930cfaab-7a11-45bb-ae99-779d1f3e7cc8,synthetic,generator_930cfaab-7a11-45bb-ae99-779d1f3e7cc8_both.pkl,selection_rate,race:white,0.5673234811165846,0.5335851282804724,0.6004851406763518,839
930cfaab-7a11-45bb-ae99-779d1f3e7cc8,synthetic,generator_930cfaab-7a11-45bb-ae99-779d1f3e7cc8_both.pkl,selection_rate,race:black,0.583969465648855,0.5289804177499334,0.6357332732520627,324
930cfaab-7a11-45bb-ae99-779d1f3e7cc8,synthetic,generator_930cfaab-7a11-45bb-ae99-779d1f3e7cc8_both.pkl,selection_rate,race:hispanic,0.5673352435530086,0.5173843381659275,0.6141810215188717,399
930cfaab-7a11-45bb-ae99-779d1f3e7cc8,synthetic,generator_930cfaab-7a11-45bb-ae99-779d1f3e7cc8_both.pkl,selection_rate,race:asian,0.4608695652173913,0.401506367075478,0.5239375164976906,251
930cfaab-7a11-45bb-ae99-779d1f3e7cc8,synthetic,generator_930cfaab-7a11-45bb-ae99-779d1f3e7cc8_both.pkl,selection_rate,race:other,0.5892857142857143,0.516610151639168,0.6563081219447885,187
a80b1ad2-64b3-46ac-8964-62fa340163a6,synthetic,generator_a80b1ad2-64b3-46ac-8964-62fa340163a6_both.pkl,selection_rate,gender:male,0.5715667311411993,0.5409869080322508,0.6016132754336291,1020
a80b1ad2-64b3-46ac-8964-62fa340163a6,synthetic,generator_a80b1ad2-64b3-46ac-8964-62fa340163a6_both.pkl,selection_rate,gender:female,0.5766045548654244,0.5453547183179697,0.607108848987987,980
a80b1ad2-64b3-46ac-8964-62fa340163a6,synthetic,generator_a80b1ad2-64b3-46ac-8964-62fa340163a6_both.pkl,SPD_gender,gender:all,0.005037823724225121,0.0,0.048388428832615155,2000
a80b1ad2-64b3-46ac-8964-62fa340163a6,synthetic,generator_a80b1ad2-64b3-46ac-8964-62fa340163a6_both.pkl,DI_gender,gender:all,0.9912629484423672,0.9191702313828313,1.0690100695236775,2000
a80b1ad2-64b3-46ac-8964-62fa340163a6,synthetic,generator_a80b1ad2-64b3-46ac-8964-62fa340163a6_both.pkl,selection_rate,race:white,0.5700082850041425,0.5367585425640078,0.6019358984725875,883
a80b1ad2-64b3-46ac-8964-62fa340163a6,synthetic,generator_a80b1ad2-64b3-46ac-8964-62fa340163a6_both.pkl,selection_rate,race:black,0.5900383141762452,0.5326540050987107,0.6455248426049751,288
a80b1ad2-64b3-46ac-8964-62fa340163a6,synthetic,generator_a80b1ad2-64b3-46ac-8964-62fa340163a6_both.pkl,selection_rate,race:hispanic,0.5790960451977402,0.527025848423011,0.6306388337708557,345
a80b1ad2-64b3-46ac-8964-62fa340163a6,synthetic,generator_a80b1ad2-64b3-46ac-8964-62fa340163a6_both.pkl,selection_rate,race:asian,0.5504587155963303,0.4910117979800365,0.6055926921966668,286
a80b1ad2-64b3-46ac-8964-62fa340163a6,synthetic,generator_a80b1ad2-64b3-46ac-8964-62fa340163a6_both.pkl,selection_rate,race:other,0.5942028985507246,0.5264112596650148,0.661855182931556,198
