{
  "total_items": 10,
  "completed": 4,
  "pending": 6,
  "completion_rate": 40.0,
  "completed_items": [
    "Data egress policy documented (notes: see docs/SECURITY-CHECKLIST.md; docs/gold/p3-implementation-summary.md)",
    "Key management documented (KMS/HSM) (notes: see docs/SECURITY-CHECKLIST.md; docs/gold/p3-implementation-summary.md)",
    "SBOM available for containers (notes: artifacts/licenses/attributions.txt) (notes: see docs/SECURITY-CHECKLIST.md; docs/gold/p3-implementation-summary.md)",
    "Vulnerability scans (tool, date, findings) (notes: CI daily CVE scans; see docs/_CURRENT_STATE.md) (notes: see docs/SECURITY-CHECKLIST.md; docs/gold/p3-implementation-summary.md)"
  ],
  "pending_items": [
    "Patching policy & cadence (notes: see docs/SECURITY-CHECKLIST.md; docs/gold/p3-implementation-summary.md)",
    "Membership inference test results (notes: see docs/SECURITY-CHECKLIST.md; docs/gold/p3-implementation-summary.md)",
    "Attribute inference test results (notes: see docs/SECURITY-CHECKLIST.md; docs/gold/p3-implementation-summary.md)",
    "Differential privacy accounting (\u03b5, \u03b4) (notes: see docs/SECURITY-CHECKLIST.md; docs/gold/p3-implementation-summary.md)",
    "DR/backup & recovery objectives (RPO/RTO) (notes: see docs/SECURITY-CHECKLIST.md; docs/gold/p3-implementation-summary.md)",
    "Monitoring & SLOs (notes: see docs/SECURITY-CHECKLIST.md; docs/gold/p3-implementation-summary.md)"
  ]
}