{
  "available": true,
  "threshold": 0.8,
  "overall_pass": false,
  "num_violations": 1,
  "passing_attributes": [
    "race"
  ],
  "violating_attributes": [
    "gender"
  ],
  "per_attribute": {
    "gender": {
      "value": 0.770072,
      "lower_ci": 0.740732,
      "upper_ci": 0.799283,
      "status": "VIOLATES",
      "ci_degenerate": false,
      "ci_excludes_threshold": true
    },
    "race": {
      "value": 0.858595,
      "lower_ci": 0.787397,
      "upper_ci": 0.94074,
      "status": "PASSES",
      "ci_degenerate": false,
      "ci_excludes_threshold": false
    }
  }
}