run_id,split,model_id,attribute,group,TP,FP,TN,FN
7d94fa9a-1ef3-43d3-a095-58bc2ed78d70,test,ctgan,gender,female,639,0,808,0
7d94fa9a-1ef3-43d3-a095-58bc2ed78d70,test,ctgan,gender,male,890,0,663,0
7d94fa9a-1ef3-43d3-a095-58bc2ed78d70,test,ctgan,race,asian,83,0,96,0
7d94fa9a-1ef3-43d3-a095-58bc2ed78d70,test,ctgan,race,black,204,0,187,0
7d94fa9a-1ef3-43d3-a095-58bc2ed78d70,test,ctgan,race,hispanic,278,0,240,0
7d94fa9a-1ef3-43d3-a095-58bc2ed78d70,test,ctgan,race,other,44,0,41,0
7d94fa9a-1ef3-43d3-a095-58bc2ed78d70,test,ctgan,race,white,920,0,907,0
