{
  "run_id": "7d94fa9a-1ef3-43d3-a095-58bc2ed78d70",
  "split": "wp_evidence",
  "model_id": "gate-wp-42",
  "generated_at": "2026-01-02T12:20:43.291268+00:00",
  "violations": {
    "air": {
      "count": 1,
      "attributes": [
        "gender"
      ],
      "available": true
    },
    "eo": {
      "count": 0,
      "attributes": [],
      "available": true
    },
    "ece": {
      "count": 0,
      "available": false
    }
  },
  "compliance": {
    "air_status": "NON_COMPLIANT",
    "eo_status": "COMPLIANT",
    "ece_status": "NOT_EVALUATED"
  },
  "thresholds": {
    "air_min": 0.8,
    "tpr_gap_max": 0.05,
    "fpr_gap_max": 0.05,
    "ece_max": 0.02
  },
  "air_details": {
    "available": true,
    "threshold": 0.8,
    "overall_pass": false,
    "num_violations": 1,
    "passing_attributes": [
      "race"
    ],
    "violating_attributes": [
      "gender"
    ],
    "per_attribute": {
      "gender": {
        "value": 0.770072,
        "lower_ci": 0.740732,
        "upper_ci": 0.799283,
        "status": "VIOLATES",
        "ci_degenerate": false,
        "ci_excludes_threshold": true
      },
      "race": {
        "value": 0.858595,
        "lower_ci": 0.787397,
        "upper_ci": 0.94074,
        "status": "PASSES",
        "ci_degenerate": false,
        "ci_excludes_threshold": false
      }
    }
  },
  "eo_details": {
    "available": true,
    "thresholds": {
      "tpr_gap_max": 0.05,
      "fpr_gap_max": 0.05
    },
    "overall_pass": true,
    "num_violations": 0,
    "passing_attributes": [
      "gender",
      "race"
    ],
    "violating_attributes": [],
    "per_attribute": {
      "gender": {
        "tpr_gap": {
          "value": 0.0,
          "lower_ci": 0.0,
          "upper_ci": 0.0,
          "passes": true
        },
        "fpr_gap": {
          "value": 0.0,
          "lower_ci": 0.0,
          "upper_ci": 0.0,
          "passes": true
        },
        "status": "PASSES"
      },
      "race": {
        "tpr_gap": {
          "value": 0.0,
          "lower_ci": 0.0,
          "upper_ci": 0.0,
          "passes": true
        },
        "fpr_gap": {
          "value": 0.0,
          "lower_ci": 0.0,
          "upper_ci": 0.0,
          "passes": true
        },
        "status": "PASSES"
      }
    }
  },
  "ece_details": {
    "available": false,
    "threshold": 0.02,
    "value": null,
    "lower_ci": null,
    "upper_ci": null,
    "method": null,
    "passes_threshold": null,
    "ci_excludes_threshold": null,
    "ci_degenerate": null
  }
}