{
  "branch_mode": "intrinsic",
  "cache_confidence": 1.0,
  "cache_hit": true,
  "cache_source": "exact",
  "categorical_columns": [
    "gender",
    "race"
  ],
  "certificate_hash": "384e9a80b4b13e9299dfe469bd0ee12b4c6aeffdc6ec29da7d92de8a9a4f61a8",
  "certificate_id": "01832793-685e-4a51-9f0c-e1685c7ba408",
  "certificate_signature": "c88d9d2992443301430759183ebb0edcb2517c2f8cf36233871a8ba637993f2f7a277191371ab3a41bcb5e556ee90ddbf4b717f993a36545d0ca1b9a262a048a",
  "certificate_version": "1.0",
  "config_version": "1.0",
  "data_columns": 7,
  "data_profile_fingerprint": "f5556ac8e05ac4c0",
  "data_rows": 3000,
  "fallback_used": false,
  "hyperparameter_validation_passed": true,
  "issued_at": "2026-01-02T12:12:34Z",
  "issued_by": "FL-BSA Hyperparameter Tuner",
  "n_trials": 0,
  "optimal_hyperparameters": {
    "batch_size": 32,
    "discriminator_decay": 3.912141628549696e-06,
    "discriminator_dim": [
      64,
      64
    ],
    "discriminator_lr": 0.0001583703155911876,
    "embedding_dim": 64,
    "epochs": 220,
    "generator_decay": 3.2676417657817645e-06,
    "generator_dim": [
      64,
      128,
      64
    ],
    "generator_lr": 0.0006097839109531517,
    "guardrails": {
      "batch": {
        "original": 1024,
        "source": "realism_gates",
        "value": 32
      },
      "fingerprint": {
        "max_corr": 0.8808936584289787,
        "n": 3000.0,
        "rho_p": 0.8808936584289787,
        "rho_s": 0.8652764874238226
      },
      "pac": {
        "original": 1,
        "source": "realism_gates",
        "value": 5
      }
    },
    "pac": 5
  },
  "optimization_time_seconds": 0.0,
  "optimization_trials_completed": 0,
  "previous_certificate_hash": "bd035159dac2965cec56e7a03203a2bbfee2c6365c28ca9ca8a6cb156fbd47ab",
  "public_key_fingerprint": "b3cf460cad0c6c91",
  "signature_algorithm": "ECDSA-P256-SHA256",
  "signed_at": "2026-01-02T12:12:34.941888",
  "status": "valid",
  "timeout_seconds": 0,
  "tuner_version": "1.0.0",
  "tuning_enabled": true,
  "tuning_environment": "production",
  "tuning_method": "cache_lookup",
  "tuning_successful": true,
  "validation_warnings": []
}