{
  "branch_mode": "amplification",
  "certificate_hash": "a4277cd6e1d49550ce0d6a91e8f105c8117c0157339fdcb452f6308b3d90db9f",
  "certificate_id": "model_cert_7d94fa9a-1ef3-43d3-a095-58bc2ed78d70_amplification",
  "certificate_signature": "75b4b9adc6828b3b01d5c73cf0da8f0b0de0e79cc7737139f1bf8b4f85eff6db2bdd8660a9c0cc03d9e6a50f8024fe8ea9ab339452416897ba4ac63c1ceba877",
  "config_version": "1.0.0",
  "data_fingerprint": "af451650c2b612b4",
  "hyperparameters": {
    "batch_size": 30,
    "discriminator_decay": 3.991305878561677e-06,
    "discriminator_dim": [
      64,
      128,
      64
    ],
    "discriminator_lr": 0.00011430983876313228,
    "epochs": 170,
    "generator_decay": 7.348118405270443e-06,
    "generator_dim": [
      64,
      64
    ],
    "generator_lr": 0.00014321698289111514,
    "guardrails": {
      "batch": {
        "original": 128,
        "source": "realism_gates",
        "value": 32
      },
      "fingerprint": {
        "max_corr": 0.8808936584289787,
        "n": 3000.0,
        "rho_p": 0.8808936584289787,
        "rho_s": 0.8652764874238226
      },
      "pac": {
        "original": 1,
        "source": "realism_gates",
        "value": 5
      }
    },
    "pac": 5
  },
  "model_type": "CTGAN",
  "performance_metrics": {
    "final_discriminator_loss": -0.15165871381759644,
    "final_generator_loss": 0.2084352970123291,
    "training_time_minutes": 5.8451734979947405
  },
  "pipeline_id": "7d94fa9a-1ef3-43d3-a095-58bc2ed78d70",
  "previous_certificate_hash": "384e9a80b4b13e9299dfe469bd0ee12b4c6aeffdc6ec29da7d92de8a9a4f61a8",
  "public_key_fingerprint": "b3cf460cad0c6c91",
  "signature_algorithm": "ECDSA-P256-SHA256",
  "signed_at": "2026-01-02T12:19:59.112938",
  "timestamp": "2026-01-02T12:19:59.111541+00:00",
  "training_duration_minutes": 5.8451734979947405,
  "training_metadata": {
    "branch_purpose": "bias amplification test",
    "epochs": 170,
    "features_included": [
      "age",
      "income",
      "credit_score",
      "loan_amount",
      "debt_to_income",
      "gender",
      "race",
      "loan_approved"
    ],
    "guardrails": {
      "batch": {
        "original": 128,
        "source": "realism_gates",
        "value": 32
      },
      "fingerprint": {
        "max_corr": 0.8808936584289787,
        "n": 3000.0,
        "rho_p": 0.8808936584289787,
        "rho_s": 0.8652764874238226
      },
      "pac": {
        "original": 1,
        "source": "realism_gates",
        "value": 5
      }
    },
    "includes_loan_decisions": true,
    "records_trained": 3000
  },
  "validation_results": {
    "bias_preservation_status": "PRESERVED",
    "branch": "amplification",
    "business_value": "Successfully preserves historical bias patterns for regulatory testing. Note: Some statistical distributions may differ due to bias-preserving sampling.",
    "checks": {
      "bias_preservation": {
        "critical_failures": [],
        "details": {
          "disparate_impact": {
            "difference": 0.00018796012760247116,
            "original": 0.7705729793528648,
            "preserved": true,
            "relative_change": 0.000243922235422901,
            "synthetic": 0.7703850192252624,
            "threshold_used": 0.2
          },
          "disparate_impact_gender": {
            "original": 0.7705729793528648,
            "relative_change": 0.000243922235422901,
            "synthetic": 0.7703850192252624
          },
          "statistical_parity_difference": {
            "difference": 2.532285082296193e-05,
            "original": 0.1314810356574052,
            "preserved": true,
            "relative_change": 0.00019259551843982814,
            "synthetic": 0.13150635850822817,
            "threshold_used": 0.1
          },
          "summary": {
            "critical_failures": 0,
            "tolerance_multiplier": 2.0,
            "total_errors": 0
          }
        },
        "errors": [],
        "message": "Bias patterns preserved - synthetic data successfully mirrors historical disparities",
        "valid": true
      },
      "correlation_preservation": {
        "details": {
          "age": {
            "difference": 0.053239705485017504,
            "original_correlation": 0.011680719355437566,
            "preserved": true,
            "synthetic_correlation": 0.06492042484045507,
            "threshold": 0.2
          },
          "credit_score": {
            "difference": 0.019663530700670645,
            "original_correlation": 0.23980890273368494,
            "preserved": true,
            "synthetic_correlation": 0.2201453720330143,
            "threshold": 0.2
          },
          "debt_to_income": {
            "difference": 0.03334844352935466,
            "original_correlation": -0.08007184291133686,
            "preserved": true,
            "synthetic_correlation": -0.11342028644069152,
            "threshold": 0.2
          },
          "income": {
            "difference": 0.16226524215157828,
            "original_correlation": 0.24600001464105903,
            "preserved": true,
            "synthetic_correlation": 0.4082652567926373,
            "threshold": 0.2
          },
          "loan_amount": {
            "difference": 0.1230289636183009,
            "original_correlation": 0.21859501165525785,
            "preserved": true,
            "synthetic_correlation": 0.34162397527355876,
            "threshold": 0.2
          }
        },
        "errors": [],
        "valid": true
      },
      "distribution_preservation": {
        "details": {
          "age": {
            "ks_statistic": 0.021766666666666667,
            "p_value": 0.22114321387030875,
            "preserved": true,
            "threshold": 0.025
          },
          "credit_score": {
            "ks_statistic": 0.03883333333333333,
            "p_value": 0.0018487305425380607,
            "preserved": false,
            "threshold": 0.025
          },
          "debt_to_income": {
            "ks_statistic": 0.030133333333333335,
            "p_value": 0.029675619471903652,
            "preserved": true,
            "threshold": 0.025
          },
          "income": {
            "ks_statistic": 0.079,
            "p_value": 5.703830920143649e-13,
            "preserved": false,
            "threshold": 0.025
          },
          "loan_amount": {
            "ks_statistic": 0.031966666666666664,
            "p_value": 0.017523669640986925,
            "preserved": false,
            "threshold": 0.025
          }
        },
        "errors": [
          "credit_score: Distribution not preserved (p=0.002, threshold=0.025)",
          "income: Distribution not preserved (p=0.000, threshold=0.025)",
          "loan_amount: Distribution not preserved (p=0.018, threshold=0.025)"
        ],
        "valid": false
      },
      "group_ratios": {
        "critical_failures": [],
        "details": {
          "gender": {
            "differences": {
              "female": {
                "absolute_diff": 3.333333333332966e-05,
                "original": 0.48233333333333334,
                "relative_diff": 6.910835706628735e-05,
                "synthetic": 0.4823
              },
              "male": {
                "absolute_diff": 3.333333333332966e-05,
                "original": 0.5176666666666667,
                "relative_diff": 6.439137593423127e-05,
                "synthetic": 0.5177
              }
            },
            "original_ratios": {
              "female": 0.48233333333333334,
              "male": 0.5176666666666667
            },
            "synthetic_ratios": {
              "female": 0.4823,
              "male": 0.5177
            }
          },
          "race": {
            "differences": {
              "asian": {
                "absolute_diff": 6.666666666666626e-05,
                "original": 0.059666666666666666,
                "relative_diff": 0.0011172997100607185,
                "synthetic": 0.0596
              },
              "black": {
                "absolute_diff": 6.666666666665932e-05,
                "original": 0.13033333333333333,
                "relative_diff": 0.0005115050268155948,
                "synthetic": 0.1304
              },
              "hispanic": {
                "absolute_diff": 3.333333333332966e-05,
                "original": 0.17266666666666666,
                "relative_diff": 0.00019304907500533586,
                "synthetic": 0.1727
              },
              "other": {
                "absolute_diff": 6.666666666666973e-05,
                "original": 0.028333333333333332,
                "relative_diff": 0.0023528581344188933,
                "synthetic": 0.0284
              },
              "white": {
                "absolute_diff": 9.999999999998899e-05,
                "original": 0.609,
                "relative_diff": 0.00016420334285163567,
                "synthetic": 0.6089
              }
            },
            "original_ratios": {
              "asian": 0.059666666666666666,
              "black": 0.13033333333333333,
              "hispanic": 0.17266666666666666,
              "other": 0.028333333333333332,
              "white": 0.609
            },
            "synthetic_ratios": {
              "asian": 0.0596,
              "black": 0.1304,
              "hispanic": 0.1727,
              "other": 0.0284,
              "white": 0.6089
            }
          },
          "summary": {
            "critical_failures": 0,
            "tolerance_multiplier": 2.0,
            "total_errors": 0
          }
        },
        "errors": [],
        "message": "Group ratios successfully preserved",
        "valid": true
      }
    },
    "edge_case_details": {
      "dataset_size": 3000,
      "missing_ratio": 0.0,
      "protected_attributes": {
        "gender": {
          "max_group_ratio": 0.5176666666666667,
          "min_group_size": 1447,
          "unique_values": 2,
          "value_counts": {
            "female": 1447,
            "male": 1553
          }
        },
        "race": {
          "max_group_ratio": 0.609,
          "min_group_size": 85,
          "unique_values": 5,
          "value_counts": {
            "asian": 179,
            "black": 391,
            "hispanic": 518,
            "other": 85,
            "white": 1827
          }
        }
      }
    },
    "edge_case_type": "small_dataset",
    "edge_case_warning": "Dataset has only 3000 samples. Validation focuses on key metrics with relaxed tolerances.",
    "regulatory_value": true,
    "summary": "Edge case validation completed for small_dataset. 3/4 checks passed, 0 checks skipped as inappropriate. Results suitable for proof-of-concept validation.",
    "training_records": 3000,
    "valid": false,
    "validation_samples": 10000
  }
}